"","Masse_g","bestMMRID"
"1",164.35,23.7242679154749
"2",134.62,25.5247508819957
"3",164.19,23.0329791015204
"4",129.59,22.1153044324493
"5",170.55,33.0340040883627
"6",205.55,33.1922957815376
"7",193.9,38.5468549443109
"8",217.7,43.7946181384661
