"","Masse_g","bestMMRID"
"1",213.24,38.8827185053307
"2",205.97,36.1450143145215
"3",143.07,22.2175015924767
"4",115.03,15.8195604470708
"5",221.16,28.7417078365489
"6",225.73,28.4457903771885
"7",163,18.3138695638732
"8",169.09,18.7079484678609
