"","Masse_g","bestMMRID"
"1",205.73,38.5192516122748
"2",183.52,33.028973735136
"3",151.5,25.8004505377655
"4",141.6,27.8899514867441
"5",155.06,22.5240700403747
"6",190.94,41.2556883569495
"7",114.92,21.4533013153819
"8",152.34,25.0279118892138
