"","Masse_g","bestMMRID"
"1",222.22,40.2450376141344
"2",221.78,32.2670281168076
"3",134.89,18.9484912493072
"4",118.67,16.9274383326024
"5",229.68,31.3207586708423
"6",183.36,36.3929351258338
"7",134.19,19.343477968538
"8",112.43,18.6399626647222
"9",227.42,34.9285198331145
"10",185.95,26.1528109133053
"11",137.68,19.3676269766079
"12",111.64,18.3423549546828
