Masse_g,SMR
222.22,5.26522247
221.78,6.448545894
134.89,3.619323408
118.67,3.078868806
229.68,3.863777607
183.36,4.805912486
134.19,3.178323719
112.43,2.252308384
227.42,4.801615595
185.95,6.181353452
137.68,3.304652784
111.64,2.182706375
