Masse_g,MMR
164.35,23.72426792
134.62,25.52475088
164.19,23.0329791
129.59,22.11530443
170.55,33.03400409
205.55,33.19229578
193.9,38.54685494
217.7,43.79461814
