Masse_g,SMR
164.35,4.325185091
134.62,4.663984074
164.19,6.378101412
129.59,5.438094977
170.55,5.412548593
205.55,5.256813897
193.9,5.902874344
217.7,5.963877672
