Masse_g,SMR
213.24,6.946671471
205.97,5.146709009
143.07,5.12809366
115.03,3.650833307
221.16,6.146329627
225.73,5.844227218
163,4.686114309
169.09,5.191862184
