Masse_g,SMR
205.73,8.737059235
183.52,6.402695165
151.5,5.590073936
141.6,5.186877767
155.06,6.957981834
190.94,7.403558344
114.92,4.240267479
152.34,6.816505055
