Masse_g,MMR
205.73,38.51925161
183.52,33.02897374
151.5,25.80045054
141.6,27.88995149
155.06,22.52407004
190.94,41.25568836
114.92,21.45330132
152.34,25.02791189
