Masse_g,MMR
213.24,38.88271851
205.97,36.14501431
143.07,22.21750159
115.03,15.81956045
221.16,28.74170784
225.73,28.44579038
163,18.31386956
169.09,18.70794847
