Masse_g,MMR
222.22,40.24503761
221.78,32.26702812
134.89,18.94849125
118.67,16.92743833
229.68,31.32075867
183.36,36.39293513
134.19,19.34347797
112.43,18.63996266
227.42,34.92851983
185.95,26.15281091
137.68,19.36762698
111.64,18.34235495
